Workbook

Sheet Statistics
B2: Number | C2: Average Shutoff Rate | D2: Median Shutoff Rate
A3: Investor-owned utilities | B3: 169 | C3: 0.0634 | D3: 0.0388
A4: Public Power (municipal utilities + electric co-operatives) | B4: 1571 | C4: =AVERAGE('2024-PP'!M:M)/100 -> 0.088915865 | D4: =MEDIAN('2024-PP'!M:M)/100 -> 0.048243019
A5: Top 10 investor-owned utilities | B5: 10 | C5: =AVERAGE('2024-IOUs'!F2:F11)/100 -> 0.0025525123 | D5: =MEDIAN('2024-IOUs'!F2:F11)/100 -> 0.0027351529
A6: Top 10 Public Power | B6: 10 | C6: =AVERAGE('2024-PP'!M2:M11)/100 -> 0.75894528 | D6: =MEDIAN('2024-PP'!M2:M11)/100 -> 0.76216122
B9: Number | C9: Average Shutoff Rate | D9: Median Shutoff Rate
A10: Investor-owned utilities | B10: 169 | C10: 0.0634 | D10: 0.0388
A11: Municipal Utilities | B11: =COUNT('2024-MUNIS'!D:D) -> 444 | C11: =AVERAGE('2024-MUNIS'!M:M)/100 -> 0.12315237 | D11: =MEDIAN('2024-MUNIS'!M:M)/100 -> 0.079675036
A12: Electric Co-operatives | B12: =COUNT('2024-COOPS'!D:D) -> 509 | C12: =AVERAGE('2024-COOPS'!M:M)/100 -> 0.078091599 | D12: =MEDIAN('2024-COOPS'!M:M)/100 -> 0.043872555
A13: Top 10 Investor-owned Utilities | B13: 10 | C13: =AVERAGE('2024-IOUs'!F2:F11)/100 -> 0.0025525123 | D13: =MEDIAN('2024-IOUs'!F2:F11)/100 -> 0.0027351529
A14: Top 10 Municipal Utilities | B14: 10 | C14: =AVERAGE('2024-MUNIS'!M2:M11)/100 -> 0.68970941 | D14: =MEDIAN('2024-MUNIS'!M2:M11)/100 -> 0.69357222
A15: Top 10 Electric-Cooperatives | B15: 10 | C15: =AVERAGE('2024-COOPS'!M2:M11)/100 -> 0.62754911 | D15: =MEDIAN('2024-COOPS'!M2:M11)/100 -> 0.62331279
A17: Small municipal utilities (< 100,000 customers) | B17: 12.14
A18: Small Electric Co-operatives | B18: 7.57
A19: Large munis | B19: 16.4
A20: Large co-ops | B20: 11.57

Sheet Rankings
A1: State | B1: Total 2024 Disconnections | C1: Average 2024 Disconnection Rate | D1: Total Number of Customers
A2: NE | B2: 0 | C2: N/A (No Investor-Owned Utilities) | D2: 0
A3: OK | B3: 458044 | C3: 0.2753 | D3: 1213812
A4: TX | B4: 2389983 | C4: 0.2423 | D4: 7168916
A5: LA | B5: 32864 | C5: 0.1585 | D5: 207338
A6: AL | B6: 208579 | C6: 0.1562 | D6: 1335705
A7: FL | B7: 1674668 | C7: 0.1554 | D7: 7900927
A8: MS | B8: 98151 | C8: 0.1482 | D8: 542048
A9: NV | B9: 177756 | C9: 0.1339 | D9: 1247276
A10: VA | B10: 412480 | C10: 0.1246 | D10: 2848831
A11: AR | B11: 112485 | C11: 0.1215 | D11: 779471
A12: WV | B12: 86911 | C12: 0.1093 | D12: 857062
A13: TN | B13: 4642 | C13: 0.1076 | D13: 43159
A14: SC | B14: 115051 | C14: 0.1012 | D14: 1413660
... A51: UT | B51: 10059 | C51: 0.0107 | D51: 940760

Sheet 2024-IOUs
A1: State | B1: Ownership | C1: Utility | D1: Holding Company | E1: Number of Customers | F1: 2024 Disconnection Rate | G1: Total 2024 Disconnections | H1: Ranking (by Disconnection Rate)
A2: MN | B2: Investor Owned | C2: Northwestern Wisconsin Elec Co | D2: Northwestern Wisconsin Elec Co | E2: 88 | F2: 0 | G2: 0 | H2: 169
A3: NY | B3: Investor Owned | C3: Fishers Island Utility Co Inc | D3: Fishers Island Utility Company | E3: 657 | F3: 0 | G3: 0 | H3: 168
A4: IA | B4: Investor Owned | C4: Amana Society Service Co | D4: Amana Society, Inc. | E4: 713 | F4: 0.14025245 | G4: 1 | H4: 167
A5: HI | B5: Investor Owned | C5: Maui Electric Co LTD | D5: Hawaiian Electric Industries | E5: 61811 | F5: 0.22326274 | G5: 138 | H5: 166
A6: NY | B6: Investor Owned | C6: Central Hudson Gas & Elec Corp | D6: Fortis Inc. | E6: 275025 | F6: 0.26652098 | G6: 733 | H6: 165
A7: WI | B7: Investor Owned | C7: North Central Power Co Inc | D7: North Central Power Co Inc | E7: 4991 | F7: 0.28050959 | G7: 14 | H7: 164
A8: MO | B8: Investor Owned | C8: Empire District Electric Co | D8: Algonquin Power & Utilities Corp. | E8: 141381 | F8: 0.28858124 | G8: 408 | H8: 163
A9: MA | B9: Investor Owned | C9: Nantucket Electric Co | D9: National Grid | E9: 12823 | F9: 0.35872807 | G9: 46 | H9: 162
A10: NY | B10: Investor Owned | C10: Consolidated Edison Co-Ny Inc | D10: Consolidated Edison | E10: 3077967 | F10: 0.41228519 | G10: 12690 | H10: 161
A11: AZ | B11: Investor Owned | C11: Morenci Water And Electric | D11: Morenci Water And Electric | E11: 2232 | F11: 0.58237205 | G11: 13 | H11: 160
A12: KS | B12: Investor Owned | C12: Empire District Electric Co | D12: Algonquin Power & Utilities Corp. | E12: 8341 | F12: 0.63544716 | G12: 53 | H12: 159
A13: WI | B13: Investor Owned | C13: Dahlberg Light & Power Co | D13: Dahlberg Light & Power Co | E13: 10939 | F13: 0.65818041 | G13: 72 | H13: 158
... A170: OK | B170: Investor Owned | C170: Public Service Co Of Oklahoma | D170: American Electric Power | E170: 498578 | F170: 58.313673 | G170: 290739 | H170: 1

Sheet 2024-PP
A1: state | B1: utility_name | C1: energy_type | D1: year | E1: ownership | F1: ownership_source | G1: parent | H1: customer_count | I1: shutoffs | J1: reconnections | K1: final_notices | L1: shutoff_rate | M1: shutoff_rate_perc | N1: reconnection_rate | O1: final_notice_rate | P1: shutoff_rate_national_percentile | Q1: shutoff_rate_state_percentile | R1: shutoff_rate_ownership_percentile | S1: bad_data_flag | T1: data_quality_note
A2: KY | B2: South Kentucky Rural E C C | C2: electric | D2: 2024 | E2: Cooperative | F2: eia_861 | G2: NA | H2: 64563 | I2: 55643 | J2: 55037 | K2: 488373 | L2: 0.86184037 | M2: =(I2/H2)*100 -> 86.184037 | N2: 0.98910914 | O2: 7.564286 | P2: 0.99662162 | Q2: 1 | R2: 0.99418605 | S2: NA | T2: NA
A3: IN | B3: Jackson County Rural E M C - (IN) | C3: electric | D3: 2024 | E3: Cooperative | F3: eia_861 | G3: NA | H3: 20678 | I3: 16115 | J3: 15797 | K3: 87801 | L3: 0.77934953 | M3: =(I3/H3)*100 -> 77.933069 | N3: 0.98026683 | O3: 4.2462096 | P3: 0.99577703 | Q3: 1 | R3: 0.99224806 | S3: NA | T3: NA
A4: GA | B4: City of Camilla | C4: electric | D4: 2024 | E4: Municipal | F4: eep_determined | G4: NA | H4: 2481 | I4: 1921 | J4: 451 | K4: 1933 | L4: 0.77415455 | M4: =(I4/H4)*100 -> 77.428456 | N4: 0.23477356 | O4: 0.7789905 | P4: 0.99493243 | Q4: 1 | R4: 0.99776286 | S4: NA | T4: NA
A5: AR | B5: South Central Ark El Coop, Inc | C5: electric | D5: 2024 | E5: Cooperative | F5: eia_861 | G5: NA | H5: 6023 | I5: 4602 | J5: 4232 | K5: 10450 | L5: 0.76407106 | M5: =(I5/H5)*100 -> 76.407106 | N5: 0.91960017 | O5: 1.7350158 | P5: 0.99408784 | Q5: 1 | R5: 0.99031008 | S5: NA | T5: NA
A6: AL | B6: Sylacauga Utilities Board | C6: electric | D6: 2024 | E6: Municipal | F6: eep_determined | G6: NA | H6: 5125 | I6: 3907 | J6: 3881 | K6: 23192 | L6: 0.76235386 | M6: =(I6/H6)*100 -> 76.234146 | N6: 0.99334528 | O6: 4.5253419 | P6: 0.99324324 | Q6: 1 | R6: 0.99552573 | S6: NA | T6: NA
A7: SC | B7: City of Orangeburg - (SC) | C7: electric | D7: 2024 | E7: Municipal | F7: eia_861 | G7: NA | H7: 20616 | I7: 15709 | J7: 14136 | K7: 86716 | L7: 0.76197175 | M7: =(I7/H7)*100 -> 76.198099 | N7: 0.89986632 | O7: 4.2061966 | P7: 0.99239865 | Q7: 1 | R7: 0.99328859 | S7: NA | T7: NA
A8: NC | B8: Lumbee River Elec Member Corp | C8: electric | D8: 2024 | E8: Cooperative | F8: eia_861 | G8: NA | H8: 63038 | I8: 47637 | J8: 45572 | K8: 144648 | L8: 0.75569004 | M8: =(I8/H8)*100 -> 75.568705 | N8: 0.95665134 | O8: 2.294625 | P8: 0.99155405 | Q8: 0.97826087 | R8: 0.98837209 | S8: NA | T8: NA
A9: FL | B9: City Of Ocala | C9: electric | D9: 2024 | E9: Municipal | F9: eia_861 | G9: NA | H9: 46885 | I9: 33849 | J9: 32663 | K9: 57328 | L9: 0.72195542 | M9: =(I9/H9)*100 -> 72.195798 | N9: 0.96496204 | O9: 1.2227321 | P9: 0.99070946 | Q9: 1 | R9: 0.99105145 | S9: NA | T9: NA
A10: SC | B10: City of Newberry - (SC) | C10: electric | D10: 2024 | E10: Municipal | F10: eep_determined | G10: NA | H10: 4502 | I10: 3181 | J10: 3162 | K10: 16183 | L10: 0.70662718 | M10: =(I10/H10)*100 -> 70.657486 | N10: 0.99402704 | O10: 3.5948908 | P10: 0.98986486 | Q10: 0.96551724 | R10: 0.98881432 | S10: NA | T10: NA
A11: MO | B11: Intercounty Electric Coop Assn - (MO) | C11: electric | D11: 2024 | E11: Cooperative | F11: eia_861 | G11: NA | H11: 29630 | I11: 20782 | J11: 19464 | K11: 25032 | L11: 0.70138965 | M11: =(I11/H11)*100 -> 70.138373 | N11: 0.93657973 | O11: 0.84482657 | P11: 0.98902027 | Q11: 1 | R11: 0.98643411 | S11: NA | T11: NA
A12: GA | B12: City Of Chattanooga - (TN) | C12: electric | D12: 2024 | E12: Municipal | F12: eia_861 | G12: NA | H12: 10369 | I12: 7056 | J12: 6937 | K12: 39002 | L12: 0.68051727 | M12: =(I12/H12)*100 -> 68.048992 | N12: 0.98313492 | O12: 3.7615553 | P12: 0.98817568 | Q12: 0.9787234 | R12: 0.98657718 | S12: NA | T12: NA
A13: GA | B13: Newnan Wtr, Sewer & Light Comm | C13: electric | D13: 2024 | E13: Municipal | F13: eia_861 | G13: NA | H13: 8559 | I13: 5696 | J13: 5696 | K13: 34437 | L13: 0.66551127 | M13: =(I13/H13)*100 -> 66.549831 | N13: 1 | O13: 4.0235624 | P13: 0.98733108 | Q13: 0.95744681 | R13: 0.98434004 | S13: NA | T13: NA
... A1571: MA | B1571: Holyoke City of - MA | C1571: gas | D1571: 2024 | E1571: Municipal | F1571: eep_determined | G1571: NA | H1571: 10199 | I1571: 2 | J1571: 0 | K1571: 7 | L1571: 0.00019609445 | M1571: =(I1571/H1571)*100 -> 0.019609766 | N1571: 0 | O1571: 0.00068633058 | P1571: 0.020833333 | Q1571: 0 | R1571: 0.023255814 | S1571: NA | T1571: NA
A1572: TX | B1572: Pearsall City of - TX | C1572: gas | D1572: 2024 | E1572: Municipal | F1572: eep_determined | G1572: NA | H1572: 706.08333 | I1572: 0 | J1572: 1 | K1572: 0 | L1572: 0 | M1572: =(I1572/H1572)*100 -> 0 | N1572: NA | O1572: 0 | P1572: 0 | Q1572: 0 | R1572: 0 | S1572: NA | T1572: NA

Sheet 2024-MUNIS
A1: state | B1: utility_name | C1: energy_type | D1: year | E1: ownership | F1: ownership_source | G1: parent | H1: customer_count | I1: shutoffs | J1: reconnections | K1: final_notices | L1: shutoff_rate | M1: shutoff_rate_perc | N1: reconnection_rate | O1: final_notice_rate | P1: shutoff_rate_national_percentile | Q1: shutoff_rate_state_percentile | R1: shutoff_rate_ownership_percentile | S1: bad_data_flag | T1: data_quality_note
A2: GA | B2: City of Camilla | C2: electric | D2: 2024 | E2: Municipal | F2: eep_determined | G2: NA | H2: 2481.4167 | I2: 1921 | J2: 451 | K2: 1933 | L2: 0.77415455 | M2: 77.415455 | N2: 0.23477356 | O2: 0.7789905 | P2: 0.99493243 | Q2: 1 | R2: 0.99776286 | S2: NA | T2: NA
A3: AL | B3: Sylacauga Utilities Board | C3: electric | D3: 2024 | E3: Municipal | F3: eep_determined | G3: NA | H3: 5124.9167 | I3: 3907 | J3: 3881 | K3: 23192 | L3: 0.76235386 | M3: 76.235386 | N3: 0.99334528 | O3: 4.5253419 | P3: 0.99324324 | Q3: 1 | R3: 0.99552573 | S3: NA | T3: NA
A4: SC | B4: City of Orangeburg - (SC) | C4: electric | D4: 2024 | E4: Municipal | F4: eia_861 | G4: NA | H4: 20616.25 | I4: 15709 | J4: 14136 | K4: 86716 | L4: 0.76197175 | M4: 76.197175 | N4: 0.89986632 | O4: 4.2061966 | P4: 0.99239865 | Q4: 1 | R4: 0.99328859 | S4: NA | T4: NA
A5: FL | B5: City Of Ocala | C5: electric | D5: 2024 | E5: Municipal | F5: eia_861 | G5: NA | H5: 46885.167 | I5: 33849 | J5: 32663 | K5: 57328 | L5: 0.72195542 | M5: 72.195542 | N5: 0.96496204 | O5: 1.2227321 | P5: 0.99070946 | Q5: 1 | R5: 0.99105145 | S5: NA | T5: NA
A6: SC | B6: City of Newberry - (SC) | C6: electric | D6: 2024 | E6: Municipal | F6: eep_determined | G6: NA | H6: 4501.6667 | I6: 3181 | J6: 3162 | K6: 16183 | L6: 0.70662718 | M6: 70.662718 | N6: 0.99402704 | O6: 3.5948908 | P6: 0.98986486 | Q6: 0.96551724 | R6: 0.98881432 | S6: NA | T6: NA
A7: GA | B7: City Of Chattanooga - (TN) | C7: electric | D7: 2024 | E7: Municipal | F7: eia_861 | G7: NA | H7: 10368.583 | I7: 7056 | J7: 6937 | K7: 39002 | L7: 0.68051727 | M7: 68.051727 | N7: 0.98313492 | O7: 3.7615553 | P7: 0.98817568 | Q7: 0.9787234 | R7: 0.98657718 | S7: NA | T7: NA
A8: GA | B8: Newnan Wtr, Sewer & Light Comm | C8: electric | D8: 2024 | E8: Municipal | F8: eia_861 | G8: NA | H8: 8558.8333 | I8: 5696 | J8: 5696 | K8: 34437 | L8: 0.66551127 | M8: 66.551127 | N8: 1 | O8: 4.0235624 | P8: 0.98733108 | Q8: 0.95744681 | R8: 0.98434004 | S8: NA | T8: NA
A9: WI | B9: City of Evansville | C9: electric | D9: 2024 | E9: Municipal | F9: eia_861 | G9: NA | H9: 193.08333 | I9: 126 | J9: 100 | K9: 774 | L9: 0.65256798 | M9: 65.256798 | N9: 0.79365079 | O9: 4.0086319 | P9: 0.98648649 | Q9: 1 | R9: 0.98210291 | S9: NA | T9: NA
A10: NM | B10: City of Farmington - (NM) | C10: electric | D10: 2024 | E10: Municipal | F10: eia_861 | G10: NA | H10: 39004.583 | I10: 23312 | J10: 3520 | K10: 59847 | L10: 0.59767335 | M10: 59.767335 | N10: 0.1509952 | O10: 1.5343581 | P10: 0.98564189 | Q10: 1 | R10: 0.97986577 | S10: NA | T10: NA
A11: LA | B11: City of Ruston - (LA) | C11: electric | D11: 2024 | E11: Municipal | F11: eia_861 | G11: NA | H11: 9981.5 | I11: 5727 | J11: 5176 | K11: 31509 | L11: 0.57376146 | M11: 57.376146 | N11: 0.90378907 | O11: 3.15674 | P11: 0.9839527 | Q11: 0.9047619 | R11: 0.97762864 | S11: NA | T11: NA
A12: SC | B12: City of Gaffney - (SC) | C12: electric | D12: 2024 | E12: Municipal | F12: eia_861 | G12: NA | H12: 6313.75 | I12: 3608 | J12: 3424 | K12: 18189 | L12: 0.5714512 | M12: 57.14512 | N12: 0.94900222 | O12: 2.8808553 | P12: 0.98310811 | Q12: 0.93103448 | R12: 0.9753915 | S12: NA | T12: NA
A13: AL | B13: City of Huntsville - (AL) | C13: electric | D13: 2024 | E13: Municipal | F13: eia_861 | G13: NA | H13: 198345.33 | I13: 107061 | J13: 48610 | K13: 430307 | L13: 0.5397707 | M13: 53.97707 | N13: 0.45404022 | O13: 2.1694839 | P13: 0.98057432 | Q13: 0.96428571 | R13: 0.97315436 | S13: NA | T13: NA
... A445: CA | B445: Los Angeles Department Of Water & Power | C445: electric | D445: 2024 | E445: Municipal | F445: eia_861 | G445: NA | H445: 1440137.8 | I445: 940 | J445: 769 | K445: 9030 | L445: 0.0006527153 | M445: 0.06527153 | N445: 0.81808511 | O445: 0.0062702332 | P445: 0.01097973 | Q445: 0 | R445: 0.0067114094 | S445: NA | T445: NA

Sheet 2024-COOPS
A1: state | B1: utility_name | C1: energy_type | D1: year | E1: ownership | F1: ownership_source | G1: parent | H1: customer_count | I1: shutoffs | J1: reconnections | K1: final_notices | L1: shutoff_rate | M1: shutoff_rate_perc | N1: reconnection_rate | O1: final_notice_rate | P1: shutoff_rate_national_percentile | Q1: shutoff_rate_state_percentile | R1: shutoff_rate_ownership_percentile | S1: bad_data_flag | T1: data_quality_note
A2: KY | B2: South Kentucky Rural E C C | C2: electric | D2: 2024 | E2: Cooperative | F2: eia_861 | G2: NA | H2: 64563 | I2: 55643 | J2: 55037 | K2: 488373 | L2: 0.86184037 | M2: 86.184037 | N2: 0.98910914 | O2: 7.564286 | P2: 0.99662162 | Q2: 1 | R2: 0.99418605 | S2: NA | T2: NA
A3: IN | B3: Jackson County Rural E M C - (IN) | C3: electric | D3: 2024 | E3: Cooperative | F3: eia_861 | G3: NA | H3: 20677.5 | I3: 16115 | J3: 15797 | K3: 87801 | L3: 0.77934953 | M3: 77.934953 | N3: 0.98026683 | O3: 4.2462096 | P3: 0.99577703 | Q3: 1 | R3: 0.99224806 | S3: NA | T3: NA
A4: AR | B4: South Central Ark El Coop, Inc | C4: electric | D4: 2024 | E4: Cooperative | F4: eia_861 | G4: NA | H4: 6023 | I4: 4602 | J4: 4232 | K4: 10450 | L4: 0.76407106 | M4: 76.407106 | N4: 0.91960017 | O4: 1.7350158 | P4: 0.99408784 | Q4: 1 | R4: 0.99031008 | S4: NA | T4: NA
A5: NC | B5: Lumbee River Elec Member Corp | C5: electric | D5: 2024 | E5: Cooperative | F5: eia_861 | G5: NA | H5: 63037.75 | I5: 47637 | J5: 45572 | K5: 144648 | L5: 0.75569004 | M5: 75.569004 | N5: 0.95665134 | O5: 2.294625 | P5: 0.99155405 | Q5: 0.97826087 | R5: 0.98837209 | S5: NA | T5: NA
A6: MO | B6: Intercounty Electric Coop Assn - (MO) | C6: electric | D6: 2024 | E6: Cooperative | F6: eia_861 | G6: NA | H6: 29629.75 | I6: 20782 | J6: 19464 | K6: 25032 | L6: 0.70138965 | M6: 70.138965 | N6: 0.93657973 | O6: 0.84482657 | P6: 0.98902027 | Q6: 1 | R6: 0.98643411 | S6: NA | T6: NA
A7: SC | B7: Lynches River Elec Coop, Inc | C7: electric | D7: 2024 | E7: Cooperative | F7: eia_861 | G7: NA | H7: 21207.333 | I7: 11563 | J7: 7801 | K7: 15169 | L7: 0.54523592 | M7: 54.523592 | N7: 0.67465191 | O7: 0.71527145 | P7: 0.98226351 | Q7: 0.89655172 | R7: 0.98449612 | S7: NA | T7: NA
A8: MI | B8: Midwest Energy Cooperative - (MI) | C8: electric | D8: 2024 | E8: Cooperative | F8: eia_861 | G8: NA | H8: 29260.5 | I8: 15828 | J8: 15620 | K8: 47766 | L8: 0.54093402 | M8: 54.093402 | N8: 0.98685873 | O8: 1.6324396 | P8: 0.98141892 | Q8: 1 | R8: 0.98255814 | S8: NA | T8: NA
A9: ND | B9: North Central Elec Coop, Inc - (ND) | C9: electric | D9: 2024 | E9: Cooperative | F9: eia_861 | G9: NA | H9: 6060.6667 | I9: 3024 | J9: 2948 | K9: 3175 | L9: 0.49895501 | M9: 49.895501 | N9: 0.97486772 | O9: 0.52386976 | P9: 0.97972973 | Q9: 1 | R9: 0.98062016 | S9: NA | T9: NA
A10: MO | B10: White River Valley El Coop Inc | C10: electric | D10: 2024 | E10: Cooperative | F10: eia_861 | G10: NA | H10: 39216.333 | I10: 16772 | J10: 16259 | K10: 17259 | L10: 0.42767894 | M10: 42.767894 | N10: 0.96941331 | O10: 0.44009724 | P10: 0.97043919 | Q10: 0.95744681 | R10: 0.97868217 | S10: NA | T10: NA
A11: TN | B11: Appalachian Electric Coop | C11: electric | D11: 2024 | E11: Cooperative | F11: eia_861 | G11: NA | H11: 43954.417 | I11: 17597 | J11: 15116 | K11: 60042 | L11: 0.40034657 | M11: 40.034657 | N11: 0.85901006 | O11: 1.3660061 | P11: 0.96621622 | Q11: 0.93877551 | R11: 0.97674419 | S11: NA | T11: NA
A12: MS | B12: Tallahatchie Valley E P A | C12: electric | D12: 2024 | E12: Cooperative | F12: eia_861 | G12: NA | H12: 21521.25 | I12: 7458 | J12: 6506 | K12: 40423 | L12: 0.34654121 | M12: 34.654121 | N12: 0.87235184 | O12: 1.8782831 | P12: 0.95945946 | Q12: 1 | R12: 0.9748062 | S12: NA | T12: NA
A13: OK | B13: Cotton Electric Coop, Inc | C13: electric | D13: 2024 | E13: Cooperative | F13: eia_861 | G13: NA | H13: 19552.083 | I13: 6737 | J13: 6435 | K13: 300 | L13: 0.34456686 | M13: 34.456686 | N13: 0.95517293 | O13: 0.015343633 | P13: 0.95861486 | Q13: 0.93333333 | R13: 0.97286822 | S13: NA | T13: NA
... A510: IA | B510: North West Rural Electric Coop | C510: electric | D510: 2024 | E510: Cooperative | F510: eia_861 | G510: NA | H510: 6830.25 | I510: 2 | J510: 2 | K510: 122 | L510: 0.00029281505 | M510: 0.029281505 | N510: 1 | O510: 0.017861718 | P510: 0.0084459459 | Q510: 0.05 | R510: 0.0096899225 | S510: NA | T510: NA

Sheet 2024-SMALL-PP
A1: state | B1: utility_name | C1: energy_type | D1: year | E1: ownership | F1: ownership_source | G1: parent | H1: customer_count | I1: shutoffs | J1: reconnections | K1: final_notices | L1: shutoff_rate | M1: shutoff_rate_perc | N1: reconnection_rate | O1: final_notice_rate | P1: shutoff_rate_national_percentile | Q1: shutoff_rate_state_percentile | R1: shutoff_rate_ownership_percentile | S1: bad_data_flag | T1: data_quality_note
A2: KY | B2: South Kentucky Rural E C C | C2: electric | D2: 2024 | E2: Cooperative | F2: eia_861 | G2: NA | H2: 64563 | I2: 55643 | J2: 55037 | K2: 488373 | L2: 0.86184037 | M2: =(I2/H2)*100 -> 86.184037 | N2: 0.98910914 | O2: 7.564286 | P2: 0.99662162 | Q2: 1 | R2: 0.99418605 | S2: NA | T2: NA
A3: IN | B3: Jackson County Rural E M C - (IN) | C3: electric | D3: 2024 | E3: Cooperative | F3: eia_861 | G3: NA | H3: 20677.5 | I3: 16115 | J3: 15797 | K3: 87801 | L3: 0.77934953 | M3: =(I3/H3)*100 -> 77.934953 | N3: 0.98026683 | O3: 4.2462096 | P3: 0.99577703 | Q3: 1 | R3: 0.99224806 | S3: NA | T3: NA
A4: GA | B4: City of Camilla | C4: electric | D4: 2024 | E4: Municipal | F4: eep_determined | G4: NA | H4: 2481.4167 | I4: 1921 | J4: 451 | K4: 1933 | L4: 0.77415455 | M4: =(I4/H4)*100 -> 77.415455 | N4: 0.23477356 | O4: 0.7789905 | P4: 0.99493243 | Q4: 1 | R4: 0.99776286 | S4: NA | T4: NA
A5: AR | B5: South Central Ark El Coop, Inc | C5: electric | D5: 2024 | E5: Cooperative | F5: eia_861 | G5: NA | H5: 6023 | I5: 4602 | J5: 4232 | K5: 10450 | L5: 0.76407106 | M5: =(I5/H5)*100 -> 76.407106 | N5: 0.91960017 | O5: 1.7350158 | P5: 0.99408784 | Q5: 1 | R5: 0.99031008 | S5: NA | T5: NA
A6: AL | B6: Sylacauga Utilities Board | C6: electric | D6: 2024 | E6: Municipal | F6: eep_determined | G6: NA | H6: 5124.9167 | I6: 3907 | J6: 3881 | K6: 23192 | L6: 0.76235386 | M6: =(I6/H6)*100 -> 76.235386 | N6: 0.99334528 | O6: 4.5253419 | P6: 0.99324324 | Q6: 1 | R6: 0.99552573 | S6: NA | T6: NA
A7: SC | B7: City of Orangeburg - (SC) | C7: electric | D7: 2024 | E7: Municipal | F7: eia_861 | G7: NA | H7: 20616.25 | I7: 15709 | J7: 14136 | K7: 86716 | L7: 0.76197175 | M7: =(I7/H7)*100 -> 76.197175 | N7: 0.89986632 | O7: 4.2061966 | P7: 0.99239865 | Q7: 1 | R7: 0.99328859 | S7: NA | T7: NA
A8: NC | B8: Lumbee River Elec Member Corp | C8: electric | D8: 2024 | E8: Cooperative | F8: eia_861 | G8: NA | H8: 63037.75 | I8: 47637 | J8: 45572 | K8: 144648 | L8: 0.75569004 | M8: =(I8/H8)*100 -> 75.569004 | N8: 0.95665134 | O8: 2.294625 | P8: 0.99155405 | Q8: 0.97826087 | R8: 0.98837209 | S8: NA | T8: NA
A9: FL | B9: City Of Ocala | C9: electric | D9: 2024 | E9: Municipal | F9: eia_861 | G9: NA | H9: 46885.167 | I9: 33849 | J9: 32663 | K9: 57328 | L9: 0.72195542 | M9: =(I9/H9)*100 -> 72.195542 | N9: 0.96496204 | O9: 1.2227321 | P9: 0.99070946 | Q9: 1 | R9: 0.99105145 | S9: NA | T9: NA
A10: SC | B10: City of Newberry - (SC) | C10: electric | D10: 2024 | E10: Municipal | F10: eep_determined | G10: NA | H10: 4501.6667 | I10: 3181 | J10: 3162 | K10: 16183 | L10: 0.70662718 | M10: =(I10/H10)*100 -> 70.662718 | N10: 0.99402704 | O10: 3.5948908 | P10: 0.98986486 | Q10: 0.96551724 | R10: 0.98881432 | S10: NA | T10: NA
A11: MO | B11: Intercounty Electric Coop Assn - (MO) | C11: electric | D11: 2024 | E11: Cooperative | F11: eia_861 | G11: NA | H11: 29629.75 | I11: 20782 | J11: 19464 | K11: 25032 | L11: 0.70138965 | M11: =(I11/H11)*100 -> 70.138965 | N11: 0.93657973 | O11: 0.84482657 | P11: 0.98902027 | Q11: 1 | R11: 0.98643411 | S11: NA | T11: NA
A12: GA | B12: City Of Chattanooga - (TN) | C12: electric | D12: 2024 | E12: Municipal | F12: eia_861 | G12: NA | H12: 10368.583 | I12: 7056 | J12: 6937 | K12: 39002 | L12: 0.68051727 | M12: =(I12/H12)*100 -> 68.051727 | N12: 0.98313492 | O12: 3.7615553 | P12: 0.98817568 | Q12: 0.9787234 | R12: 0.98657718 | S12: NA | T12: NA
A13: GA | B13: Newnan Wtr, Sewer & Light Comm | C13: electric | D13: 2024 | E13: Municipal | F13: eia_861 | G13: NA | H13: 8558.8333 | I13: 5696 | J13: 5696 | K13: 34437 | L13: 0.66551127 | M13: =(I13/H13)*100 -> 66.551127 | N13: 1 | O13: 4.0235624 | P13: 0.98733108 | Q13: 0.95744681 | R13: 0.98434004 | S13: NA | T13: NA
... A948: IA | B948: North West Rural Electric Coop | C948: electric | D948: 2024 | E948: Cooperative | F948: eia_861 | G948: NA | H948: 6830.25 | I948: 2 | J948: 2 | K948: 122 | L948: 0.00029281505 | M948: =(I948/H948)*100 -> 0.029281505 | N948: 1 | O948: 0.017861718 | P948: 0.0084459459 | Q948: 0.05 | R948: 0.0096899225 | S948: NA | T948: NA

Sheet 2024-LARGE-PP
A1: state | B1: utility_name | C1: energy_type | D1: year | E1: ownership | F1: ownership_source | G1: parent | H1: customer_count | I1: shutoffs | J1: reconnections | K1: final_notices | L1: shutoff_rate | M1: shutoff_rate_perc | N1: reconnection_rate | O1: final_notice_rate | P1: shutoff_rate_national_percentile | Q1: shutoff_rate_state_percentile | R1: shutoff_rate_ownership_percentile | S1: bad_data_flag | T1: data_quality_note
A2: AL | B2: City of Huntsville - (AL) | C2: electric | D2: 2024 | E2: Municipal | F2: eia_861 | G2: NA | H2: 198345.33 | I2: 107061 | J2: 48610 | K2: 430307 | L2: 0.5397707 | M2: =(I2/H2)*100 -> 53.97707 | N2: 0.45404022 | O2: 2.1694839 | P2: 0.98057432 | Q2: 0.96428571 | R2: 0.97315436 | S2: NA | T2: NA
A3: TN | B3: City of Memphis - (TN) | C3: electric | D3: 2024 | E3: Municipal | F3: eia_861 | G3: NA | H3: 380286.17 | I3: 182151 | J3: 167370 | K3: 1107634 | L3: 0.47898403 | M3: =(I3/H3)*100 -> 47.898403 | N3: 0.91885304 | O3: 2.9126329 | P3: 0.97888514 | Q3: 1 | R3: 0.97091723 | S3: NA | T3: NA
A4: TN | B4: City Of Chattanooga - (TN) | C4: electric | D4: 2024 | E4: Municipal | F4: eia_861 | G4: NA | H4: 163693.17 | I4: 73540 | J4: 72063 | K4: 326710 | L4: 0.44925516 | M4: =(I4/H4)*100 -> 44.925516 | N4: 0.97991569 | O4: 1.9958683 | P4: 0.97297297 | Q4: 0.95918367 | R4: 0.95749441 | S4: NA | T4: NA
A5: FL | B5: City Of Tallahassee - (FL) | C5: electric | D5: 2024 | E5: Municipal | F5: eia_861 | G5: NA | H5: 108476.17 | I5: 33605 | J5: 32622 | K5: 64033 | L5: 0.30979155 | M5: =(I5/H5)*100 -> 30.979155 | N5: 0.9707484 | O5: 0.59029556 | P5: 0.94679054 | Q5: 0.86666667 | R5: 0.91051454 | S5: NA | T5: NA
A6: FL | B6: Sumter Electric Coop, Inc | C6: electric | D6: 2024 | E6: Cooperative | F6: eia_861 | G6: NA | H6: 247294.5 | I6: 68617 | J6: 68333 | K6: 209490 | L6: 0.27747079 | M6: =(I6/H6)*100 -> 27.747079 | N6: 0.99586108 | O6: 0.84712762 | P6: 0.92989865 | Q6: 0.8 | R6: 0.95542636 | S6: NA | T6: NA
A7: FL | B7: Clay Electric Cooperative, Inc | C7: electric | D7: 2024 | E7: Cooperative | F7: eia_861 | G7: NA | H7: 171256.58 | I7: 47325 | J7: 43723 | K7: 241557 | L7: 0.27633974 | M7: =(I7/H7)*100 -> 27.633974 | N7: 0.92388801 | O7: 1.4104976 | P7: 0.92820946 | Q7: 0.76666667 | R7: 0.95348837 | S7: NA | T7: NA
A8: TX | B8: Magic Valley Electric Coop Inc | C8: electric | D8: 2024 | E8: Cooperative | F8: eia_861 | G8: NA | H8: 124073.5 | I8: 31381 | J8: 2833 | K8: 426800 | L8: 0.25292266 | M8: =(I8/H8)*100 -> 25.292266 | N8: 0.090277556 | O8: 3.4398965 | P8: 0.91976351 | Q8: 0.91666667 | R8: 0.94767442 | S8: NA | T8: NA
A9: WA | B9: City of Tacoma - (WA) | C9: electric | D9: 2024 | E9: Municipal | F9: eia_861 | G9: NA | H9: 175581.5 | I9: 37882 | J9: 37640 | K9: 156975 | L9: 0.21575166 | M9: =(I9/H9)*100 -> 21.575166 | N9: 0.99361174 | O9: 0.89402927 | P9: 0.89695946 | Q9: 0.96969697 | R9: 0.83892617 | S9: NA | T9: NA
A10: GA | B10: Jackson Electric Member Corp - (GA) | C10: electric | D10: 2024 | E10: Cooperative | F10: eia_861 | G10: NA | H10: 203591.83 | I10: 42893 | J10: 25546 | K10: 279098 | L10: 0.21068134 | M10: =(I10/H10)*100 -> 21.068134 | N10: 0.59557504 | O10: 1.3708703 | P10: 0.89189189 | Q10: 0.76595745 | R10: 0.92635659 | S10: NA | T10: NA
A11: TN | B11: Cumberland Elec Member Corp | C11: electric | D11: 2024 | E11: Cooperative | F11: eia_861 | G11: NA | H11: 100597 | I11: 21120 | J11: 13680 | K11: 105600 | L11: 0.20994662 | M11: =(I11/H11)*100 -> 20.994662 | N11: 0.64772727 | O11: 1.0497331 | P11: 0.8910473 | Q11: 0.79591837 | R11: 0.9244186 | S11: NA | T11: NA
A12: LA | B12: Southwest Louisiana E M C | C12: electric | D12: 2024 | E12: Cooperative | F12: eia_861 | G12: NA | H12: 108367.92 | I12: 22374 | J12: 19447 | K12: 218949 | L12: 0.20646332 | M12: =(I12/H12)*100 -> 20.646332 | N12: 0.86917851 | O12: 2.0204227 | P12: 0.88935811 | Q12: 0.71428571 | R12: 0.92054264 | S12: NA | T12: NA
A13: AR | B13: First Electric Coop Corp | C13: electric | D13: 2024 | E13: Cooperative | F13: eia_861 | G13: NA | H13: 102476.92 | I13: 20217 | J13: 18454 | K13: 122386 | L13: 0.19728345 | M13: =(I13/H13)*100 -> 19.728345 | N13: 0.91279616 | O13: 1.1942787 | P13: 0.88344595 | Q13: 0.73076923 | R13: 0.91085271 | S13: NA | T13: NA
... A58: CA | B58: Los Angeles Department Of Water & Power | C58: electric | D58: 2024 | E58: Municipal | F58: eia_861 | G58: NA | H58: 1440137.8 | I58: 940 | J58: 769 | K58: 9030 | L58: 0.0006527153 | M58: =(I58/H58)*100 -> 0.06527153 | N58: 0.81808511 | O58: 0.0062702332 | P58: 0.01097973 | Q58: 0 | R58: 0.0067114094 | S58: NA | T58: NA
